.editorconfig	UE
.eslintignore	RM
.github/FUNDING.yml	RM
.github/ISSUE_TEMPLATE/config.yml	UE
.github/ISSUE_TEMPLATE/formatting.md	UE
.github/ISSUE_TEMPLATE/integration.md	UE
.github/PULL_REQUEST_TEMPLATE.md	UE
.github/SECURITY.md	UE
.github/dependabot.yml	RM
.github/no-response.yml	RM
.github/workflows/dev-test.yml	UE
.github/workflows/lint.yml	UE
.github/workflows/lock.yml	UE
.github/workflows/mark-issue-duplicate.yml	RM
.github/workflows/prettierx-npm-dev-test-nodejs.yml	RM
.github/workflows/prod-test.yml	UE
.github/workflows/support.yml	UE
.gitignore	UE
CHANGELOG.md	UE
CONTRIBUTING.md	UE
LICENSE	UE
README.md	UE
bin/prettierx.js	PF
cspell.json	UE
docs/api.md	UE
docs/browser.md	UE
docs/configuration.md	UE
docs/option-philosophy.md	UE
docs/options.md	UE
docs/plugins.md	UE
jest.config.js	UE
package.json	PA
renovate.json	RM
scripts/build-docs.mjs	RM
scripts/build/build.mjs	RM
scripts/build/config.mjs	RM
scripts/build/shims/fs.mjs	RM
scripts/build/shims/path.mjs	RM
scripts/draft-blog-post.mjs	RM
scripts/install-prettierx.js	RM
scripts/release/steps/update-changelog.js	UE
scripts/release/steps/update-dependents-count.js	UE
scripts/tools/eslint-plugin-prettier-internal-rules/no-node-comments.js	UE
src/cli/constant.js	RM
src/common/common-options.js	RM
src/document/doc-builders.js	RM
src/language-css/clean.js	RM
src/language-css/options.js	UE
src/language-css/parser-postcss.js	UE
src/language-css/printer-postcss.js	UE
src/language-css/utils.js	RM
src/language-graphql/options.js	UE
src/language-graphql/printer-graphql.js	UE
src/language-html/options.js	UE
src/language-html/printer-html.js	UE
src/language-html/utils.js	RM
src/language-js/comments.js	RM
src/language-js/embed.js	RM
src/language-js/embed/css.js	UE
src/language-js/embed/graphql.js	UE
src/language-js/embed/html.js	UE
src/language-js/index.js	UE
src/language-js/needs-parens.js	RM
src/language-js/options.js	UE
src/language-js/parse-postprocess.js	RM
src/language-js/parser-flow.js	RM
src/language-js/parser-typescript.js	RM
src/language-js/print/array.js	UE
src/language-js/print/binaryish.js	UE
src/language-js/print/call-arguments.js	UE
src/language-js/print/call-expression.js	UE
src/language-js/print/function-parameters.js	UE
src/language-js/print/function.js	UE
src/language-js/print/jsx.js	UE
src/language-js/print/member-chain.js	UE
src/language-js/print/member.js	UE
src/language-js/print/module.js	UE
src/language-js/print/object.js	UE
src/language-js/print/property.js	UE
src/language-js/print/statement.js	RM
src/language-js/print/template-literal.js	UE
src/language-js/print/ternary.js	UE
src/language-js/print/type-annotation.js	UE
src/language-js/print/type-parameters.js	UE
src/language-js/print/typescript.js	UE
src/language-js/printer-estree.js	RM
src/language-js/utils.js	RM
src/language-markdown/parser-markdown.js	RM
src/language-yaml/options.js	UE
src/language-yaml/print/flow-mapping-sequence.js	UE
src/main/range-util.js	RM
src/main/support.js	UE
tests/config/format-test.js	RM
tests/config/require-prettier.js	RM
tests/config/require-prettierx.js	RM
tests/config/require-standalone.js	RM
tests/config/utils/check-parsers.js	RM
tests/format/angular/angular/__snapshots__/jsfmt.spec.js.snap	RM
tests/format/angular/angular/jsfmt.spec.js	RM
tests/format/css/front-matter/empty.css	UE
tests/format/css/url/url.css	UE
tests/format/flow/function-parentheses/__snapshots__/jsfmt.spec.js.snap	RM
tests/format/flow/function-parentheses/jsfmt.spec.js	RM
tests/format/graphql/bracket-spacing/__snapshots__/jsfmt.spec.js.snap	RM
tests/format/graphql/bracket-spacing/jsfmt.spec.js	RM
tests/format/js/arrows/__snapshots__/jsfmt.spec.js.snap	RM
tests/format/js/arrows/jsfmt.spec.js	RM
tests/format/js/binary-expressions/__snapshots__/jsfmt.spec.js.snap	RM
tests/format/js/binary-expressions/jsfmt.spec.js	RM
tests/format/js/bracket-spacing/__snapshots__/jsfmt.spec.js.snap	RM
tests/format/js/bracket-spacing/jsfmt.spec.js	RM
tests/format/js/break-calls/__snapshots__/jsfmt.spec.js.snap	RM
tests/format/js/break-calls/jsfmt.spec.js	RM
tests/format/js/comments-closure-typecast/__snapshots__/jsfmt.spec.js.snap	RM
tests/format/js/comments-closure-typecast/jsfmt.spec.js	RM
tests/format/js/computed-props/__snapshots__/jsfmt.spec.js.snap	RM
tests/format/js/computed-props/jsfmt.spec.js	RM
tests/format/js/dynamic-import/__snapshots__/jsfmt.spec.js.snap	RM
tests/format/js/dynamic-import/jsfmt.spec.js	RM
tests/format/js/empty-paren-comment/__snapshots__/jsfmt.spec.js.snap	RM
tests/format/js/empty-paren-comment/jsfmt.spec.js	RM
tests/format/js/empty-statement/__snapshots__/jsfmt.spec.js.snap	RM
tests/format/js/empty-statement/jsfmt.spec.js	RM
tests/format/js/export/__snapshots__/jsfmt.spec.js.snap	RM
tests/format/js/export/jsfmt.spec.js	RM
tests/format/js/if/__snapshots__/jsfmt.spec.js.snap	RM
tests/format/js/if/jsfmt.spec.js	RM
tests/format/js/import-assertions/bracket-spacing/__snapshots__/jsfmt.spec.js.snap	RM
tests/format/js/import-assertions/bracket-spacing/jsfmt.spec.js	RM
tests/format/js/import/__snapshots__/jsfmt.spec.js.snap	RM
tests/format/js/import/jsfmt.spec.js	RM
tests/format/js/method-chain/__snapshots__/jsfmt.spec.js.snap	RM
tests/format/js/method-chain/jsfmt.spec.js	RM
tests/format/js/multiparser-invalid/__snapshots__/jsfmt.spec.js.snap	RM
tests/format/js/multiparser-invalid/jsfmt.spec.js	RM
tests/format/js/no-semi/__snapshots__/jsfmt.spec.js.snap	RM
tests/format/js/no-semi/jsfmt.spec.js	RM
tests/format/js/objects/__snapshots__/jsfmt.spec.js.snap	RM
tests/format/js/objects/jsfmt.spec.js	RM
tests/format/js/ternaries/__snapshots__/jsfmt.spec.js.snap	RM
tests/format/js/ternaries/jsfmt.spec.js	RM
tests/format/js/test-declarations/__snapshots__/jsfmt.spec.js.snap	RM
tests/format/js/test-declarations/jsfmt.spec.js	RM
tests/format/jsx/comments/__snapshots__/jsfmt.spec.js.snap	RM
tests/format/jsx/comments/jsfmt.spec.js	RM
tests/format/jsx/namespace/__snapshots__/jsfmt.spec.js.snap	RM
tests/format/jsx/namespace/jsfmt.spec.js	RM
tests/format/less/comments/in-value.less	UE
tests/format/misc/errors/postcss/css/__snapshots__/jsfmt.spec.js.snap	RM
tests/format/misc/errors/postcss/css/jsfmt.spec.js	RM
tests/format/misc/errors/postcss/css/less-syntax.css	RM
tests/format/misc/errors/postcss/css/scss-syntax.css	RM
tests/format/misc/errors/postcss/less/__snapshots__/jsfmt.spec.js.snap	RM
tests/format/misc/errors/postcss/less/inline-comment.less	RM
tests/format/misc/errors/postcss/less/jsfmt.spec.js	RM
tests/format/misc/errors/postcss/less/open-double-quote.less	RM
tests/format/misc/errors/postcss/less/open-sigle-quote.less	RM
tests/format/misc/errors/postcss/less/scss-syntax.scss	RM
tests/format/misc/errors/postcss/scss/__snapshots__/jsfmt.spec.js.snap	RM
tests/format/misc/errors/postcss/scss/jsfmt.spec.js	RM
tests/format/misc/errors/postcss/scss/less-syntax.less	RM
tests/format/postcss/css/atrule/__snapshots__/jsfmt.spec.js.snap	RM
tests/format/postcss/css/atrule/at-root.css	RM
tests/format/postcss/css/atrule/charset.css	RM
tests/format/postcss/css/atrule/counter-style.css	RM
tests/format/postcss/css/atrule/custom-media.css	RM
tests/format/postcss/css/atrule/custom-selector.css	RM
tests/format/postcss/css/atrule/debug.css	RM
tests/format/postcss/css/atrule/extend.css	RM
tests/format/postcss/css/atrule/font-face.css	RM
tests/format/postcss/css/atrule/font-feature-values.css	RM
tests/format/postcss/css/atrule/function.css	RM
tests/format/postcss/css/atrule/import.css	RM
tests/format/postcss/css/atrule/jsfmt.spec.js	RM
tests/format/postcss/css/atrule/keyframes.css	RM
tests/format/postcss/css/atrule/media.css	RM
tests/format/postcss/css/atrule/mixin.css	RM
tests/format/postcss/css/atrule/namespaces.css	RM
tests/format/postcss/css/atrule/page.css	RM
tests/format/postcss/css/atrule/return.css	RM
tests/format/postcss/css/atrule/supports.css	RM
tests/format/postcss/css/atrule/viewport.css	RM
tests/format/postcss/css/attribute/__snapshots__/jsfmt.spec.js.snap	RM
tests/format/postcss/css/attribute/custom-selector.css	RM
tests/format/postcss/css/attribute/insensitive.css	RM
tests/format/postcss/css/attribute/jsfmt.spec.js	RM
tests/format/postcss/css/attribute/namespaces.css	RM
tests/format/postcss/css/attribute/quotes.css	RM
tests/format/postcss/css/attribute/spaces.css	RM
tests/format/postcss/css/atword/__snapshots__/jsfmt.spec.js.snap	RM
tests/format/postcss/css/atword/atword.css	RM
tests/format/postcss/css/atword/jsfmt.spec.js	RM
tests/format/postcss/css/bom/__snapshots__/jsfmt.spec.js.snap	RM
tests/format/postcss/css/bom/bom.css	RM
tests/format/postcss/css/bom/jsfmt.spec.js	RM
tests/format/postcss/css/case/__snapshots__/jsfmt.spec.js.snap	RM
tests/format/postcss/css/case/case.css	RM
tests/format/postcss/css/case/custom-selectors.css	RM
tests/format/postcss/css/case/jsfmt.spec.js	RM
tests/format/postcss/css/character-escaping/__snapshots__/jsfmt.spec.js.snap	RM
tests/format/postcss/css/character-escaping/character_escaping.css	RM
tests/format/postcss/css/character-escaping/jsfmt.spec.js	RM
tests/format/postcss/css/colon/__snapshots__/jsfmt.spec.js.snap	RM
tests/format/postcss/css/colon/colon.css	RM
tests/format/postcss/css/colon/jsfmt.spec.js	RM
tests/format/postcss/css/color/__snapshots__/jsfmt.spec.js.snap	RM
tests/format/postcss/css/color/color-adjuster.css	RM
tests/format/postcss/css/color/color-level-4.css	RM
tests/format/postcss/css/color/current-color.css	RM
tests/format/postcss/css/color/functional-syntax.css	RM
tests/format/postcss/css/color/hexcolor.css	RM
tests/format/postcss/css/color/jsfmt.spec.js	RM
tests/format/postcss/css/color/whitespace-syntax.css	RM
tests/format/postcss/css/combinator/__snapshots__/jsfmt.spec.js.snap	RM
tests/format/postcss/css/combinator/combinator.css	RM
tests/format/postcss/css/combinator/jsfmt.spec.js	RM
tests/format/postcss/css/combinator/leading.css	RM
tests/format/postcss/css/comments/CRLF.css	RM
tests/format/postcss/css/comments/__snapshots__/jsfmt.spec.js.snap	RM
tests/format/postcss/css/comments/at-rules.css	RM
tests/format/postcss/css/comments/block.css	RM
tests/format/postcss/css/comments/bug.css	RM
tests/format/postcss/css/comments/custom-properties.css	RM
tests/format/postcss/css/comments/declaration.css	RM
tests/format/postcss/css/comments/jsfmt.spec.js	RM
tests/format/postcss/css/comments/prettier-ignore.css	RM
tests/format/postcss/css/comments/selectors.css	RM
tests/format/postcss/css/comments/source-map.css	RM
tests/format/postcss/css/comments/types.css	RM
tests/format/postcss/css/composes/__snapshots__/jsfmt.spec.js.snap	RM
tests/format/postcss/css/composes/composes.css	RM
tests/format/postcss/css/composes/jsfmt.spec.js	RM
tests/format/postcss/css/cursor/__snapshots__/jsfmt.spec.js.snap	RM
tests/format/postcss/css/cursor/jsfmt.spec.js	RM
tests/format/postcss/css/cursor/test.css	RM
tests/format/postcss/css/empty/__snapshots__/jsfmt.spec.js.snap	RM
tests/format/postcss/css/empty/empty.css	RM
tests/format/postcss/css/empty/jsfmt.spec.js	RM
tests/format/postcss/css/fill-value/__snapshots__/jsfmt.spec.js.snap	RM
tests/format/postcss/css/fill-value/fill.css	RM
tests/format/postcss/css/fill-value/jsfmt.spec.js	RM
tests/format/postcss/css/front-matter/__snapshots__/jsfmt.spec.js.snap	RM
tests/format/postcss/css/front-matter/custom-parser.css	RM
tests/format/postcss/css/front-matter/jsfmt.spec.js	RM
tests/format/postcss/css/grid/__snapshots__/jsfmt.spec.js.snap	RM
tests/format/postcss/css/grid/grid.css	RM
tests/format/postcss/css/grid/jsfmt.spec.js	RM
tests/format/postcss/css/important/__snapshots__/jsfmt.spec.js.snap	RM
tests/format/postcss/css/important/important.css	RM
tests/format/postcss/css/important/jsfmt.spec.js	RM
tests/format/postcss/css/indent/__snapshots__/jsfmt.spec.js.snap	RM
tests/format/postcss/css/indent/indent.css	RM
tests/format/postcss/css/indent/jsfmt.spec.js	RM
tests/format/postcss/css/indent/selectors.css	RM
tests/format/postcss/css/inline-url/__snapshots__/jsfmt.spec.js.snap	RM
tests/format/postcss/css/inline-url/empty.css	RM
tests/format/postcss/css/inline-url/inline_url.css	RM
tests/format/postcss/css/inline-url/jsfmt.spec.js	RM
tests/format/postcss/css/long-rule/__snapshots__/jsfmt.spec.js.snap	RM
tests/format/postcss/css/long-rule/jsfmt.spec.js	RM
tests/format/postcss/css/long-rule/long_rule.css	RM
tests/format/postcss/css/loose/__snapshots__/jsfmt.spec.js.snap	RM
tests/format/postcss/css/loose/jsfmt.spec.js	RM
tests/format/postcss/css/loose/loose.css	RM
tests/format/postcss/css/modules/__snapshots__/jsfmt.spec.js.snap	RM
tests/format/postcss/css/modules/jsfmt.spec.js	RM
tests/format/postcss/css/modules/modules.css	RM
tests/format/postcss/css/no-semicolon/__snapshots__/jsfmt.spec.js.snap	RM
tests/format/postcss/css/no-semicolon/jsfmt.spec.js	RM
tests/format/postcss/css/no-semicolon/url.css	RM
tests/format/postcss/css/numbers/__snapshots__/jsfmt.spec.js.snap	RM
tests/format/postcss/css/numbers/jsfmt.spec.js	RM
tests/format/postcss/css/numbers/numbers.css	RM
tests/format/postcss/css/params/__snapshots__/jsfmt.spec.js.snap	RM
tests/format/postcss/css/params/jsfmt.spec.js	RM
tests/format/postcss/css/params/params.css	RM
tests/format/postcss/css/parens/__snapshots__/jsfmt.spec.js.snap	RM
tests/format/postcss/css/parens/jsfmt.spec.js	RM
tests/format/postcss/css/parens/parens.css	RM
tests/format/postcss/css/postcss-8-improment/__snapshots__/jsfmt.spec.js.snap	RM
tests/format/postcss/css/postcss-8-improment/empty-props.css	RM
tests/format/postcss/css/postcss-8-improment/jsfmt.spec.js	RM
tests/format/postcss/css/postcss-8-improment/test.css	RM
tests/format/postcss/css/postcss-plugins/__snapshots__/jsfmt.spec.js.snap	RM
tests/format/postcss/css/postcss-plugins/jsfmt.spec.js	RM
tests/format/postcss/css/postcss-plugins/postcss-mixins.css	RM
tests/format/postcss/css/postcss-plugins/postcss-nested-props.css	RM
tests/format/postcss/css/postcss-plugins/postcss-nested.css	RM
tests/format/postcss/css/postcss-plugins/postcss-nesting.css	RM
tests/format/postcss/css/postcss-plugins/postcss-simple-vars.css	RM
tests/format/postcss/css/prefix/__snapshots__/jsfmt.spec.js.snap	RM
tests/format/postcss/css/prefix/jsfmt.spec.js	RM
tests/format/postcss/css/prefix/prefix.css	RM
tests/format/postcss/css/pseudo-call/__snapshots__/jsfmt.spec.js.snap	RM
tests/format/postcss/css/pseudo-call/jsfmt.spec.js	RM
tests/format/postcss/css/pseudo-call/pseudo_call.css	RM
tests/format/postcss/css/quotes/__snapshots__/jsfmt.spec.js.snap	RM
tests/format/postcss/css/quotes/jsfmt.spec.js	RM
tests/format/postcss/css/quotes/quotes.css	RM
tests/format/postcss/css/range/__snapshots__/jsfmt.spec.js.snap	RM
tests/format/postcss/css/range/issue2267.css	RM
tests/format/postcss/css/range/jsfmt.spec.js	RM
tests/format/postcss/css/selector-call/__snapshots__/jsfmt.spec.js.snap	RM
tests/format/postcss/css/selector-call/call.css	RM
tests/format/postcss/css/selector-call/jsfmt.spec.js	RM
tests/format/postcss/css/selector-list/__snapshots__/jsfmt.spec.js.snap	RM
tests/format/postcss/css/selector-list/jsfmt.spec.js	RM
tests/format/postcss/css/selector-list/selectors.css	RM
tests/format/postcss/css/selector-string/__snapshots__/jsfmt.spec.js.snap	RM
tests/format/postcss/css/selector-string/jsfmt.spec.js	RM
tests/format/postcss/css/selector-string/string.css	RM
tests/format/postcss/css/variables/__snapshots__/jsfmt.spec.js.snap	RM
tests/format/postcss/css/variables/apply-rule.css	RM
tests/format/postcss/css/variables/jsfmt.spec.js	RM
tests/format/postcss/css/variables/variables.css	RM
tests/format/postcss/css/yaml/__snapshots__/jsfmt.spec.js.snap	RM
tests/format/postcss/css/yaml/comment_after.css	RM
tests/format/postcss/css/yaml/dirty.css	RM
tests/format/postcss/css/yaml/empty.css	RM
tests/format/postcss/css/yaml/empty_newlines.css	RM
tests/format/postcss/css/yaml/ignore.css	RM
tests/format/postcss/css/yaml/jsfmt.spec.js	RM
tests/format/postcss/css/yaml/malformed-2.css	RM
tests/format/postcss/css/yaml/malformed.css	RM
tests/format/postcss/css/yaml/only_comments.css	RM
tests/format/postcss/css/yaml/with_comments.css	RM
tests/format/postcss/css/yaml/without-newline-after.css	RM
tests/format/postcss/css/yaml/yaml.css	RM
tests/format/postcss/less/case/__snapshots__/jsfmt.spec.js.snap	RM
tests/format/postcss/less/case/case.less	RM
tests/format/postcss/less/case/jsfmt.spec.js	RM
tests/format/postcss/less/comments/CRLF.less	RM
tests/format/postcss/less/comments/__snapshots__/jsfmt.spec.js.snap	RM
tests/format/postcss/less/comments/between-decl.less	RM
tests/format/postcss/less/comments/block-2.less	RM
tests/format/postcss/less/comments/block.less	RM
tests/format/postcss/less/comments/issue-8130.less	RM
tests/format/postcss/less/comments/jsfmt.spec.js	RM
tests/format/postcss/less/comments/mixed-2.less	RM
tests/format/postcss/less/comments/mixed-block.less	RM
tests/format/postcss/less/comments/mixed.less	RM
tests/format/postcss/less/comments/places.less	RM
tests/format/postcss/less/comments/prettier-ignore.less	RM
tests/format/postcss/less/comments/selectors.less	RM
tests/format/postcss/less/comments/trailing_star_slash.less	RM
tests/format/postcss/less/comments/value-lists.less	RM
tests/format/postcss/less/custom-properties/__snapshots__/jsfmt.spec.js.snap	RM
tests/format/postcss/less/custom-properties/apply-rule.less	RM
tests/format/postcss/less/custom-properties/jsfmt.spec.js	RM
tests/format/postcss/less/empty/__snapshots__/jsfmt.spec.js.snap	RM
tests/format/postcss/less/empty/empty.less	RM
tests/format/postcss/less/empty/jsfmt.spec.js	RM
tests/format/postcss/less/function-selector/__snapshots__/jsfmt.spec.js.snap	RM
tests/format/postcss/less/function-selector/jsfmt.spec.js	RM
tests/format/postcss/less/function-selector/selector.less	RM
tests/format/postcss/less/important/__snapshots__/jsfmt.spec.js.snap	RM
tests/format/postcss/less/important/important.less	RM
tests/format/postcss/less/important/jsfmt.spec.js	RM
tests/format/postcss/less/less/__snapshots__/jsfmt.spec.js.snap	RM
tests/format/postcss/less/less/comments.less	RM
tests/format/postcss/less/less/function-each.less	RM
tests/format/postcss/less/less/jsfmt.spec.js	RM
tests/format/postcss/less/less/less.less	RM
tests/format/postcss/less/less/quotes-in-comments.less	RM
tests/format/postcss/less/no-semicolon/__snapshots__/jsfmt.spec.js.snap	RM
tests/format/postcss/less/no-semicolon/jsfmt.spec.js	RM
tests/format/postcss/less/no-semicolon/url.less	RM
tests/format/postcss/less/parens/__snapshots__/jsfmt.spec.js.snap	RM
tests/format/postcss/less/parens/jsfmt.spec.js	RM
tests/format/postcss/less/parens/parens.less	RM
tests/format/postcss/less/postcss-8-improment/__snapshots__/jsfmt.spec.js.snap	RM
tests/format/postcss/less/postcss-8-improment/empty-props.less	RM
tests/format/postcss/less/postcss-8-improment/jsfmt.spec.js	RM
tests/format/postcss/less/postcss-8-improment/test.less	RM
tests/format/postcss/less/yaml/__snapshots__/jsfmt.spec.js.snap	RM
tests/format/postcss/less/yaml/jsfmt.spec.js	RM
tests/format/postcss/less/yaml/yaml.less	RM
tests/format/postcss/scss/atrule/__snapshots__/jsfmt.spec.js.snap	RM
tests/format/postcss/scss/atrule/each.scss	RM
tests/format/postcss/scss/atrule/for.scss	RM
tests/format/postcss/scss/atrule/if-else.scss	RM
tests/format/postcss/scss/atrule/include.scss	RM
tests/format/postcss/scss/atrule/jsfmt.spec.js	RM
tests/format/postcss/scss/atrule/while.scss	RM
tests/format/postcss/scss/case/__snapshots__/jsfmt.spec.js.snap	RM
tests/format/postcss/scss/case/case.scss	RM
tests/format/postcss/scss/case/jsfmt.spec.js	RM
tests/format/postcss/scss/comments/CRLF.scss	RM
tests/format/postcss/scss/comments/__snapshots__/jsfmt.spec.js.snap	RM
tests/format/postcss/scss/comments/at-rule.scss	RM
tests/format/postcss/scss/comments/between-decl.scss	RM
tests/format/postcss/scss/comments/bug.scss	RM
tests/format/postcss/scss/comments/custom-properties.scss	RM
tests/format/postcss/scss/comments/if-eslit-at-rule-decloration.scss	RM
tests/format/postcss/scss/comments/jsfmt.spec.js	RM
tests/format/postcss/scss/comments/lists.scss	RM
tests/format/postcss/scss/comments/maps.scss	RM
tests/format/postcss/scss/comments/mixed-2.scss	RM
tests/format/postcss/scss/comments/mixed-block.scss	RM
tests/format/postcss/scss/comments/mixed.scss	RM
tests/format/postcss/scss/comments/prettier-ignore.scss	RM
tests/format/postcss/scss/comments/selectors.scss	RM
tests/format/postcss/scss/comments/trailing_star_slash.scss	RM
tests/format/postcss/scss/comments/variable-declaration.scss	RM
tests/format/postcss/scss/inline-url/__snapshots__/jsfmt.spec.js.snap	RM
tests/format/postcss/scss/inline-url/inline_url.scss	RM
tests/format/postcss/scss/inline-url/jsfmt.spec.js	RM
tests/format/postcss/scss/no-semicolon/__snapshots__/jsfmt.spec.js.snap	RM
tests/format/postcss/scss/no-semicolon/include-2.scss	RM
tests/format/postcss/scss/no-semicolon/include.scss	RM
tests/format/postcss/scss/no-semicolon/jsfmt.spec.js	RM
tests/format/postcss/scss/no-semicolon/url.scss	RM
tests/format/postcss/scss/parens/__snapshots__/jsfmt.spec.js.snap	RM
tests/format/postcss/scss/parens/jsfmt.spec.js	RM
tests/format/postcss/scss/parens/parens.scss	RM
tests/format/postcss/scss/scss/__snapshots__/jsfmt.spec.js.snap	RM
tests/format/postcss/scss/scss/arbitrary-arguments.scss	RM
tests/format/postcss/scss/scss/comments.scss	RM
tests/format/postcss/scss/scss/directives.scss	RM
tests/format/postcss/scss/scss/function-in-url.scss	RM
tests/format/postcss/scss/scss/import_comma.scss	RM
tests/format/postcss/scss/scss/jsfmt.spec.js	RM
tests/format/postcss/scss/scss/scss.scss	RM
tests/format/postcss/scss/scss/string-concatanation.scss	RM
tests/format/postcss/scss/trailing-comma/__snapshots__/jsfmt.spec.js.snap	RM
tests/format/postcss/scss/trailing-comma/at-rules.scss	RM
tests/format/postcss/scss/trailing-comma/declaration.scss	RM
tests/format/postcss/scss/trailing-comma/jsfmt.spec.js	RM
tests/format/postcss/scss/trailing-comma/list.scss	RM
tests/format/postcss/scss/trailing-comma/map.scss	RM
tests/format/postcss/scss/trailing-comma/selector_list.scss	RM
tests/format/postcss/scss/trailing-comma/variable.scss	RM
tests/format/postcss/scss/variables/__snapshots__/jsfmt.spec.js.snap	RM
tests/format/postcss/scss/variables/apply-rule.scss	RM
tests/format/postcss/scss/variables/jsfmt.spec.js	RM
tests/format/postcss/scss/variables/postcss-8-improment.scss	RM
tests/format/postcss/scss/variables/variables.scss	RM
tests/format/postcss/scss/yaml/__snapshots__/jsfmt.spec.js.snap	RM
tests/format/postcss/scss/yaml/jsfmt.spec.js	RM
tests/format/postcss/scss/yaml/yaml.scss	RM
tests/format/scss/comments/in-value.scss	UE
tests/format/scss/map/__snapshots__/jsfmt.spec.js.snap	RM
tests/format/scss/map/key-values.scss	UE
tests/format/scss/map/keys.scss	UE
tests/format/scss/trailing-comma/jsfmt.spec.js	RM
tests/format/scss/variables/__snapshots__/jsfmt.spec.js.snap	RM
tests/format/x/angular/interpolation-additional-pipe-expressions/__snapshots__/jsfmt.spec.js.snap	RM
tests/format/x/angular/interpolation-additional-pipe-expressions/inside-computed-member-expression.ng	RM
tests/format/x/angular/interpolation-additional-pipe-expressions/inside-member-expression.ng	RM
tests/format/x/angular/interpolation-additional-pipe-expressions/inside-optional-expression.ng	RM
tests/format/x/angular/interpolation-additional-pipe-expressions/inside-unary.ng	RM
tests/format/x/angular/interpolation-additional-pipe-expressions/jsfmt.spec.js	RM
tests/format/x/angular/interpolation-additional-pipe-expressions/with-inner-spacing/__snapshots__/jsfmt.spec.js.snap	RM
tests/format/x/angular/interpolation-additional-pipe-expressions/with-inner-spacing/jsfmt.spec.js	RM
tests/format/x/flow/function-parentheses-with-inner-spacing/__snapshots__/jsfmt.spec.js.snap	RM
tests/format/x/flow/function-parentheses-with-inner-spacing/jsfmt.spec.js	RM
tests/format/x/html/html-tags-with-void-tags/__snapshots__/jsfmt.spec.js.snap	RM
tests/format/x/html/html-tags-with-void-tags/jsfmt.spec.js	RM
tests/format/x/html/html-void-tags/__snapshots__/jsfmt.spec.js.snap	RM
tests/format/x/html/html-void-tags/input-self-closing.html	RM
tests/format/x/html/html-void-tags/input-void-element.html	RM
tests/format/x/html/html-void-tags/jsfmt.spec.js	RM
tests/format/x/js/align-object-properties/__snapshots__/jsfmt.spec.js.snap	RM
tests/format/x/js/align-object-properties/jsfmt.spec.js	RM
tests/format/x/js/align-object-properties/o.js	RM
tests/format/x/js/align-object-properties/with-inner-spacing/__snapshots__/jsfmt.spec.js.snap	RM
tests/format/x/js/align-object-properties/with-inner-spacing/jsfmt.spec.js	RM
tests/format/x/js/arrows-with-inner-spacing/__snapshots__/jsfmt.spec.js.snap	RM
tests/format/x/js/arrows-with-inner-spacing/jsfmt.spec.js	RM
tests/format/x/js/binary-expressions-with-inner-spacing/__snapshots__/jsfmt.spec.js.snap	RM
tests/format/x/js/binary-expressions-with-inner-spacing/jsfmt.spec.js	RM
tests/format/x/js/break-calls-with-inner-spacing/__snapshots__/jsfmt.spec.js.snap	RM
tests/format/x/js/break-calls-with-inner-spacing/jsfmt.spec.js	RM
tests/format/x/js/break-long-method-chains/__snapshots__/jsfmt.spec.js.snap	RM
tests/format/x/js/break-long-method-chains/jsfmt.spec.js	RM
tests/format/x/js/break-long-method-chains/long-method-chain-test1.js	RM
tests/format/x/js/comments-closure-typecast-with-inner-spacing/__snapshots__/jsfmt.spec.js.snap	RM
tests/format/x/js/comments-closure-typecast-with-inner-spacing/jsfmt.spec.js	RM
tests/format/x/js/computed-props-with-inner-spacing/__snapshots__/jsfmt.spec.js.snap	RM
tests/format/x/js/computed-props-with-inner-spacing/jsfmt.spec.js	RM
tests/format/x/js/empty-paren-comment-with-inner-spacing/__snapshots__/jsfmt.spec.js.snap	RM
tests/format/x/js/empty-paren-comment-with-inner-spacing/jsfmt.spec.js	RM
tests/format/x/js/empty-statement-with-inner-spacing/__snapshots__/jsfmt.spec.js.snap	RM
tests/format/x/js/empty-statement-with-inner-spacing/jsfmt.spec.js	RM
tests/format/x/js/generator-star-spacing/__snapshots__/jsfmt.spec.js.snap	RM
tests/format/x/js/generator-star-spacing/correct.js	RM
tests/format/x/js/generator-star-spacing/incorrect.js	RM
tests/format/x/js/generator-star-spacing/jsfmt.spec.js	RM
tests/format/x/js/if-with-break-before-else/__snapshots__/jsfmt.spec.js.snap	RM
tests/format/x/js/if-with-break-before-else/jsfmt.spec.js	RM
tests/format/x/js/import-formatting/__snapshots__/jsfmt.spec.js.snap	RM
tests/format/x/js/import-formatting/jsfmt.spec.js	RM
tests/format/x/js/import-formatting/long_import.js	RM
tests/format/x/js/inner-paren-spacing/__snapshots__/jsfmt.spec.js.snap	RM
tests/format/x/js/inner-paren-spacing/arrays.js	RM
tests/format/x/js/inner-paren-spacing/bind.js	RM
tests/format/x/js/inner-paren-spacing/class.js	RM
tests/format/x/js/inner-paren-spacing/conditionals.js	RM
tests/format/x/js/inner-paren-spacing/destructuring.js	RM
tests/format/x/js/inner-paren-spacing/export-default-named-function.js	RM
tests/format/x/js/inner-paren-spacing/expressions.js	RM
tests/format/x/js/inner-paren-spacing/functions.js	RM
tests/format/x/js/inner-paren-spacing/html-template-literals.js	RM
tests/format/x/js/inner-paren-spacing/import-export.js	RM
tests/format/x/js/inner-paren-spacing/jest-test-each.js	RM
tests/format/x/js/inner-paren-spacing/jsfmt.spec.js	RM
tests/format/x/js/inner-paren-spacing/loops.js	RM
tests/format/x/js/inner-paren-spacing/nullish.js	RM
tests/format/x/js/inner-paren-spacing/objects.js	RM
tests/format/x/js/inner-paren-spacing/return.js	RM
tests/format/x/js/inner-paren-spacing/sequence.js	RM
tests/format/x/js/inner-paren-spacing/spread.js	RM
tests/format/x/js/inner-paren-spacing/switch.js	RM
tests/format/x/js/inner-paren-spacing/template-literals.js	RM
tests/format/x/js/inner-paren-spacing/ternaries.js	RM
tests/format/x/js/inner-paren-spacing/throw.js	RM
tests/format/x/js/inner-paren-spacing/try-catch.js	RM
tests/format/x/js/inner-paren-spacing/with.js	RM
tests/format/x/js/method-chain-with-inner-spacing/__snapshots__/jsfmt.spec.js.snap	RM
tests/format/x/js/method-chain-with-inner-spacing/jsfmt.spec.js	RM
tests/format/x/js/no-indent-chains/__snapshots__/jsfmt.spec.js.snap	RM
tests/format/x/js/no-indent-chains/jsfmt.spec.js	RM
tests/format/x/js/no-indent-chains/member-chain.js	RM
tests/format/x/js/no-indent-chains/with-inner-spacing/__snapshots__/jsfmt.spec.js.snap	RM
tests/format/x/js/no-indent-chains/with-inner-spacing/jsfmt.spec.js	RM
tests/format/x/js/no-semi-additional-member-expressions/__snapshots__/jsfmt.spec.js.snap	RM
tests/format/x/js/no-semi-additional-member-expressions/jsfmt.spec.js	RM
tests/format/x/js/no-semi-additional-member-expressions/member-expressions.js	RM
tests/format/x/js/space-before-function-paren-eslint/__snapshots__/jsfmt.spec.js.snap	RM
tests/format/x/js/space-before-function-paren-eslint/eslint.js	RM
tests/format/x/js/space-before-function-paren-eslint/jsfmt.spec.js	RM
tests/format/x/js/standard/__snapshots__/jsfmt.spec.js.snap	RM
tests/format/x/js/standard/correct-ternaries.js	RM
tests/format/x/js/standard/correct.js	RM
tests/format/x/js/standard/flow-alias/__snapshots__/jsfmt.spec.js.snap	RM
tests/format/x/js/standard/flow-alias/correct.js	RM
tests/format/x/js/standard/flow-alias/incorrect.js	RM
tests/format/x/js/standard/flow-alias/jsfmt.spec.js	RM
tests/format/x/js/standard/flow-alias/with-es5-trailing-comma/__snapshots__/jsfmt.spec.js.snap	RM
tests/format/x/js/standard/flow-alias/with-es5-trailing-comma/jsfmt.spec.js	RM
tests/format/x/js/standard/flow-alias/with-es5-trailing-comma/with-ts-parsers/__snapshots__/jsfmt.spec.js.snap	RM
tests/format/x/js/standard/flow-alias/with-es5-trailing-comma/with-ts-parsers/jsfmt.spec.js	RM
tests/format/x/js/standard/flow-interface/__snapshots__/jsfmt.spec.js.snap	RM
tests/format/x/js/standard/flow-interface/correct.js	RM
tests/format/x/js/standard/flow-interface/incorrect.js	RM
tests/format/x/js/standard/flow-interface/jsfmt.spec.js	RM
tests/format/x/js/standard/flow-interface/with-es5-trailing-comma/__snapshots__/jsfmt.spec.js.snap	RM
tests/format/x/js/standard/flow-interface/with-es5-trailing-comma/jsfmt.spec.js	RM
tests/format/x/js/standard/flow-interface/with-es5-trailing-comma/with-ts-parsers/__snapshots__/jsfmt.spec.js.snap	RM
tests/format/x/js/standard/flow-interface/with-es5-trailing-comma/with-ts-parsers/jsfmt.spec.js	RM
tests/format/x/js/standard/flow-types/__snapshots__/jsfmt.spec.js.snap	RM
tests/format/x/js/standard/flow-types/correct.js	RM
tests/format/x/js/standard/flow-types/incorrect.js	RM
tests/format/x/js/standard/flow-types/jsfmt.spec.js	RM
tests/format/x/js/standard/flow-types/with-es5-trailing-comma/__snapshots__/jsfmt.spec.js.snap	RM
tests/format/x/js/standard/flow-types/with-es5-trailing-comma/jsfmt.spec.js	RM
tests/format/x/js/standard/incorrect-ternaries.js	RM
tests/format/x/js/standard/incorrect.js	RM
tests/format/x/js/standard/jsfmt.spec.js	RM
tests/format/x/js/template-with-inner-spacing/__snapshots__/jsfmt.spec.js.snap	RM
tests/format/x/js/template-with-inner-spacing/jsfmt.spec.js	RM
tests/format/x/js/ternaries-with-balanced-formatting/__snapshots__/jsfmt.spec.js.snap	RM
tests/format/x/js/ternaries-with-balanced-formatting/jsfmt.spec.js	RM
tests/format/x/js/ternaries-with-inner-spacing/__snapshots__/jsfmt.spec.js.snap	RM
tests/format/x/js/ternaries-with-inner-spacing/jsfmt.spec.js	RM
tests/format/x/js/ternary-object-expressions/__snapshots__/jsfmt.spec.js.snap	RM
tests/format/x/js/ternary-object-expressions/crewdress.js	RM
tests/format/x/js/ternary-object-expressions/jsfmt.spec.js	RM
tests/format/x/js/ternary-object-expressions/nested-ternary-promises.js	RM
tests/format/x/js/ternary-object-expressions/nesting-object-ternary-expression.js	RM
tests/format/x/js/ternary-object-expressions/nesting-ternary-arrays.js	RM
tests/format/x/js/ternary-object-expressions/with-balanced-formatting/__snapshots__/jsfmt.spec.js.snap	RM
tests/format/x/js/ternary-object-expressions/with-balanced-formatting/jsfmt.spec.js	RM
tests/format/x/js/test-declarations-with-inner-spacing/__snapshots__/jsfmt.spec.js.snap	RM
tests/format/x/js/test-declarations-with-inner-spacing/jsfmt.spec.js	RM
tests/format/x/js/yield-star-spacing/__snapshots__/jsfmt.spec.js.snap	RM
tests/format/x/js/yield-star-spacing/correct.js	RM
tests/format/x/js/yield-star-spacing/incorrect.js	RM
tests/format/x/js/yield-star-spacing/jsfmt.spec.js	RM
tests/format/x/jsx/jsx-with-inner-spacing/__snapshots__/jsfmt.spec.js.snap	RM
tests/format/x/jsx/jsx-with-inner-spacing/jsfmt.spec.js	RM
tests/format/x/scss/scss-with-inner-spacing/__snapshots__/jsfmt.spec.js.snap	RM
tests/format/x/scss/scss-with-inner-spacing/jsfmt.spec.js	RM
tests/format/x/typescript/conditional-types-with-balanced-formatting/__snapshots__/jsfmt.spec.js.snap	RM
tests/format/x/typescript/conditional-types-with-balanced-formatting/jsfmt.spec.js	RM
tests/format/x/typescript/conformance-types-indexedAccesType-with-inner-spacing/__snapshots__/jsfmt.spec.js.snap	RM
tests/format/x/typescript/conformance-types-indexedAccesType-with-inner-spacing/jsfmt.spec.js	RM
tests/format/x/typescript/conformance-types-mappedType-with-no-type-curly-spacing/__snapshots__/jsfmt.spec.js.snap	RM
tests/format/x/typescript/conformance-types-mappedType-with-no-type-curly-spacing/jsfmt.spec.js	RM
tests/format/x/typescript/custom-modifiers-with-inner-spacing/__snapshots__/jsfmt.spec.js.snap	RM
tests/format/x/typescript/custom-modifiers-with-inner-spacing/jsfmt.spec.js	RM
tests/format/x/typescript/function-type-with-inner-spacing/__snapshots__/jsfmt.spec.js.snap	RM
tests/format/x/typescript/function-type-with-inner-spacing/jsfmt.spec.js	RM
tests/format/x/typescript/generic-function-expression/__snapshots__/jsfmt.spec.js.snap	RM
tests/format/x/typescript/generic-function-expression/function-expression.ts	RM
tests/format/x/typescript/generic-function-expression/jsfmt.spec.js	RM
tests/format/x/typescript/space-before-function-paren-tslint/__snapshots__/jsfmt.spec.js.snap	RM
tests/format/x/typescript/space-before-function-paren-tslint/jsfmt.spec.js	RM
tests/format/x/typescript/space-before-function-paren-tslint/tsbaz.ts	RM
tests/format/x/typescript/space-before-function-paren-tslint/with-inner-spacing/__snapshots__/jsfmt.spec.js.snap	RM
tests/format/x/typescript/space-before-function-paren-tslint/with-inner-spacing/jsfmt.spec.js	RM
tests/format/x/typescript/ts-standard/__snapshots__/jsfmt.spec.js.snap	RM
tests/format/x/typescript/ts-standard/correct.ts	RM
tests/format/x/typescript/ts-standard/incorrect.ts	RM
tests/format/x/typescript/ts-standard/jsfmt.spec.js	RM
tests/format/x/typescript/ts-standard/with-inner-spacing/__snapshots__/jsfmt.spec.js.snap	RM
tests/format/x/typescript/ts-standard/with-inner-spacing/jsfmt.spec.js	RM
tests/format/x/yaml/spaces-and-comments/__snapshots__/jsfmt.spec.js.snap	RM
tests/format/x/yaml/spaces-and-comments/block-scalar-with-spaces-and-comments.yml	RM
tests/format/x/yaml/spaces-and-comments/jsfmt.spec.js	RM
tests/format/yaml/flow-mapping/__snapshots__/jsfmt.spec.js.snap	RM
tests/format/yaml/flow-mapping/jsfmt.spec.js	RM
tests/integration/__tests__/__snapshots__/early-exit.js.snap	UE
tests/integration/__tests__/__snapshots__/help-options.js.snap	UE
tests/integration/__tests__/__snapshots__/plugin-options-string.js.snap	UE
tests/integration/__tests__/__snapshots__/plugin-options.js.snap	UE
tests/integration/__tests__/__snapshots__/schema.js.snap	UE
tests/integration/__tests__/__snapshots__/support-info.js.snap	UE
tests/integration/__tests__/bundle.js	UE
tests/integration/__tests__/doc-builders.js	UE
tests/integration/__tests__/early-exit.js	UE
tests/integration/__tests__/format.js	UE
tests/integration/__tests__/plugin-default-options.js	UE
tests/integration/env.js	UE
tests/integration/plugins/defaultOptions/plugin.js	RM
tsconfig.json	UE
x-unsupported/website/.eslintrc.yml	RM
x-unsupported/website/README.md	RM
x-unsupported/website/blog/2017-04-13-1.0.0.md	RM
x-unsupported/website/blog/2017-04-20-1.2.0.md	RM
x-unsupported/website/blog/2017-05-03-1.3.0.md	RM
x-unsupported/website/blog/2017-06-03-1.4.0.md	RM
x-unsupported/website/blog/2017-06-28-1.5.0.md	RM
x-unsupported/website/blog/2017-08-29-1.6.0.md	RM
x-unsupported/website/blog/2017-09-15-1.7.0.md	RM
x-unsupported/website/blog/2017-11-07-1.8.0.md	RM
x-unsupported/website/blog/2017-12-05-1.9.0.md	RM
x-unsupported/website/blog/2018-01-10-1.10.0.md	RM
x-unsupported/website/blog/2018-02-26-1.11.0.md	RM
x-unsupported/website/blog/2018-04-09-plugin-php-0.1.md	RM
x-unsupported/website/blog/2018-04-11-1.12.0.md	RM
x-unsupported/website/blog/2018-05-27-1.13.0.md	RM
x-unsupported/website/blog/2018-07-29-1.14.0.md	RM
x-unsupported/website/blog/2018-11-07-1.15.0.md	RM
x-unsupported/website/blog/2019-01-20-1.16.0.md	RM
x-unsupported/website/blog/2019-04-12-1.17.0.md	RM
x-unsupported/website/blog/2019-06-06-1.18.0.md	RM
x-unsupported/website/blog/2019-11-09-1.19.0.md	RM
x-unsupported/website/blog/2020-03-21-2.0.0.md	RM
x-unsupported/website/blog/2020-08-24-2.1.0.md	RM
x-unsupported/website/blog/2020-11-20-2.2.0.md	RM
x-unsupported/website/blog/2020-12-11-plugin-ruby-1.0.md	RM
x-unsupported/website/blog/2021-05-09-2.3.0.md	RM
x-unsupported/website/blog/assets/github-diff-ternary-in-jsx.png	RM
x-unsupported/website/blog/assets/markdown-list-indent.gif	RM
x-unsupported/website/blog/assets/markdown-lists.gif	RM
x-unsupported/website/blog/assets/markdown-tables.gif	RM
x-unsupported/website/blog/assets/prettier-revolution-conf.png	RM
x-unsupported/website/core/Footer.js	RM
x-unsupported/website/data/editors.yml	RM
x-unsupported/website/data/languages.yml	RM
x-unsupported/website/data/users.yml	RM
x-unsupported/website/package.json	RM
x-unsupported/website/pages/en/help/index.js	RM
x-unsupported/website/pages/en/index.js	RM
x-unsupported/website/pages/en/users/index.js	RM
x-unsupported/website/pages/en/versions.js	RM
x-unsupported/website/pages/googlefe164a33bda4034b.html	RM
x-unsupported/website/pages/playground-redirect.html	RM
x-unsupported/website/pages/playground/index.html	RM
x-unsupported/website/playground/.eslintrc.yml	RM
x-unsupported/website/playground/BottomBar.js	RM
x-unsupported/website/playground/EditorState.js	RM
x-unsupported/website/playground/Playground.js	RM
x-unsupported/website/playground/PrettierFormat.js	RM
x-unsupported/website/playground/VersionLink.js	RM
x-unsupported/website/playground/WorkerApi.js	RM
x-unsupported/website/playground/buttons.js	RM
x-unsupported/website/playground/codeSamples.js	RM
x-unsupported/website/playground/helpers.js	RM
x-unsupported/website/playground/index.js	RM
x-unsupported/website/playground/markdown.js	RM
x-unsupported/website/playground/panels.js	RM
x-unsupported/website/playground/sidebar/SidebarOptions.js	RM
x-unsupported/website/playground/sidebar/components.js	RM
x-unsupported/website/playground/sidebar/inputs.js	RM
x-unsupported/website/playground/sidebar/options.js	RM
x-unsupported/website/playground/storage.js	RM
x-unsupported/website/playground/urlHash.js	RM
x-unsupported/website/playground/util.js	RM
x-unsupported/website/sidebars.json	RM
x-unsupported/website/siteConfig.js	RM
x-unsupported/website/static/_redirects	RM
x-unsupported/website/static/icon.png	RM
x-unsupported/website/static/images/editors/atom-128px.png	RM
x-unsupported/website/static/images/editors/editor_atom.svg	RM
x-unsupported/website/static/images/editors/editor_emacs.svg	RM
x-unsupported/website/static/images/editors/editor_espresso.svg	RM
x-unsupported/website/static/images/editors/editor_nova.svg	RM
x-unsupported/website/static/images/editors/editor_sublime.svg	RM
x-unsupported/website/static/images/editors/editor_vim.svg	RM
x-unsupported/website/static/images/editors/editor_vs.svg	RM
x-unsupported/website/static/images/editors/editor_vscode.svg	RM
x-unsupported/website/static/images/editors/editor_webstorm.svg	RM
x-unsupported/website/static/images/editors/emacs-128px.png	RM
x-unsupported/website/static/images/editors/espresso-128px.png	RM
x-unsupported/website/static/images/editors/sublimetext-128px.png	RM
x-unsupported/website/static/images/editors/vim-128px.png	RM
x-unsupported/website/static/images/editors/visualstudio-128px.png	RM
x-unsupported/website/static/images/editors/vscode-128px.png	RM
x-unsupported/website/static/images/editors/webstorm-128px.png	RM
x-unsupported/website/static/images/get_started_rects.svg	RM
x-unsupported/website/static/images/github.svg	RM
x-unsupported/website/static/images/github_grey.svg	RM
x-unsupported/website/static/images/languages/css-128px.png	RM
x-unsupported/website/static/images/languages/css_small_grey.svg	RM
x-unsupported/website/static/images/languages/graphql-128px.png	RM
x-unsupported/website/static/images/languages/graphql_small_grey.svg	RM
x-unsupported/website/static/images/languages/js-128px.png	RM
x-unsupported/website/static/images/languages/js_small_grey.svg	RM
x-unsupported/website/static/images/languages/markdown-128px.png	RM
x-unsupported/website/static/images/languages/markdown_small_grey.svg	RM
x-unsupported/website/static/images/languages/python_small_grey.svg	RM
x-unsupported/website/static/images/languages/swift_small_grey.svg	RM
x-unsupported/website/static/images/languages/tools_css.svg	RM
x-unsupported/website/static/images/languages/tools_gql.svg	RM
x-unsupported/website/static/images/languages/tools_html.svg	RM
x-unsupported/website/static/images/languages/tools_js.svg	RM
x-unsupported/website/static/images/languages/tools_md.svg	RM
x-unsupported/website/static/images/languages/tools_wip.svg	RM
x-unsupported/website/static/images/languages/tools_yaml.svg	RM
x-unsupported/website/static/images/npm.svg	RM
x-unsupported/website/static/images/npm_grey.svg	RM
x-unsupported/website/static/images/state_of_js.svg	RM
x-unsupported/website/static/images/state_of_js_grey.svg	RM
x-unsupported/website/static/images/tidelift-small.png	RM
x-unsupported/website/static/images/users/3yourmind.svg	RM
x-unsupported/website/static/images/users/aircall.svg	RM
x-unsupported/website/static/images/users/algolia-200x100.png	RM
x-unsupported/website/static/images/users/assertible-200x100.png	RM
x-unsupported/website/static/images/users/babel-200x100.png	RM
x-unsupported/website/static/images/users/brigad-200x100.png	RM
x-unsupported/website/static/images/users/buildcom.svg	RM
x-unsupported/website/static/images/users/campusjaeger.svg	RM
x-unsupported/website/static/images/users/charlietango-200x100.png	RM
x-unsupported/website/static/images/users/chillicream.svg	RM
x-unsupported/website/static/images/users/codecarrot.svg	RM
x-unsupported/website/static/images/users/codemix-200x100.png	RM
x-unsupported/website/static/images/users/computerbase.svg	RM
x-unsupported/website/static/images/users/contiamo-200x100.png	RM
x-unsupported/website/static/images/users/danger-200x100.png	RM
x-unsupported/website/static/images/users/discord-200x100.png	RM
x-unsupported/website/static/images/users/drizly-200x100.png	RM
x-unsupported/website/static/images/users/dropbox.svg	RM
x-unsupported/website/static/images/users/dropbox_grey.svg	RM
x-unsupported/website/static/images/users/escrow-200x100.png	RM
x-unsupported/website/static/images/users/estalee.svg	RM
x-unsupported/website/static/images/users/eventstag-200x100.png	RM
x-unsupported/website/static/images/users/exponea.svg	RM
x-unsupported/website/static/images/users/eyesquare-200x100.png	RM
x-unsupported/website/static/images/users/facebook-200x100.png	RM
x-unsupported/website/static/images/users/freelancer-200x100.png	RM
x-unsupported/website/static/images/users/getonboard-200x100.png	RM
x-unsupported/website/static/images/users/gumgum-200x100.png	RM
x-unsupported/website/static/images/users/hackclub-200x100.png	RM
x-unsupported/website/static/images/users/hasura-200x100.png	RM
x-unsupported/website/static/images/users/hearthsim-200x100.png	RM
x-unsupported/website/static/images/users/heroku.svg	RM
x-unsupported/website/static/images/users/holidaycheck-200x100.png	RM
x-unsupported/website/static/images/users/housinganywhere.svg	RM
x-unsupported/website/static/images/users/hudl-200x100.png	RM
x-unsupported/website/static/images/users/icons8.svg	RM
x-unsupported/website/static/images/users/ideati-200x100.png	RM
x-unsupported/website/static/images/users/iress-200x100.png	RM
x-unsupported/website/static/images/users/jane-200x100.png	RM
x-unsupported/website/static/images/users/jest-200x100.png	RM
x-unsupported/website/static/images/users/leesa.svg	RM
x-unsupported/website/static/images/users/lifesum-200x100.png	RM
x-unsupported/website/static/images/users/loyaltylion-200x100.png	RM
x-unsupported/website/static/images/users/m6web-200x100.png	RM
x-unsupported/website/static/images/users/materialui-200x100.png	RM
x-unsupported/website/static/images/users/mathrioshka-200x100.png	RM
x-unsupported/website/static/images/users/metric-ai-white.svg	RM
x-unsupported/website/static/images/users/monei-200x100.png	RM
x-unsupported/website/static/images/users/mongodb-200x100.png	RM
x-unsupported/website/static/images/users/moonmail-200x100.png	RM
x-unsupported/website/static/images/users/n26-200x100.png	RM
x-unsupported/website/static/images/users/nhl-200x100.png	RM
x-unsupported/website/static/images/users/nrwl-200x100.png	RM
x-unsupported/website/static/images/users/openbravo-200x100.png	RM
x-unsupported/website/static/images/users/outreach-200x100.png	RM
x-unsupported/website/static/images/users/paypal-200x100.png	RM
x-unsupported/website/static/images/users/quip.svg	RM
x-unsupported/website/static/images/users/react-200x100.png	RM
x-unsupported/website/static/images/users/researchanddesign.svg	RM
x-unsupported/website/static/images/users/rnfirebase-200x100.png	RM
x-unsupported/website/static/images/users/salesforce.svg	RM
x-unsupported/website/static/images/users/sevenspan-200x100.png	RM
x-unsupported/website/static/images/users/shelf-200x100.png	RM
x-unsupported/website/static/images/users/smooth-code-200x100.png	RM
x-unsupported/website/static/images/users/storybook-200x100.png	RM
x-unsupported/website/static/images/users/swissdev-devops-jobs-200-100.png	RM
x-unsupported/website/static/images/users/talkable-200x100.png	RM
x-unsupported/website/static/images/users/toptal.png	RM
x-unsupported/website/static/images/users/tradeshift-200x100.png	RM
x-unsupported/website/static/images/users/tradie-training.png	RM
x-unsupported/website/static/images/users/transloadit-200x100.png	RM
x-unsupported/website/static/images/users/troops-200x100.png	RM
x-unsupported/website/static/images/users/used_by_babel.svg	RM
x-unsupported/website/static/images/users/used_by_danger.svg	RM
x-unsupported/website/static/images/users/used_by_facebook.svg	RM
x-unsupported/website/static/images/users/used_by_jest.svg	RM
x-unsupported/website/static/images/users/used_by_react.svg	RM
x-unsupported/website/static/images/users/used_by_spotify.svg	RM
x-unsupported/website/static/images/users/used_by_storybook.svg	RM
x-unsupported/website/static/images/users/used_by_webpack.svg	RM
x-unsupported/website/static/images/users/used_by_yarn.svg	RM
x-unsupported/website/static/images/users/used_by_zeit.svg	RM
x-unsupported/website/static/images/users/webflow-200x100.png	RM
x-unsupported/website/static/images/users/webpack-200x100.png	RM
x-unsupported/website/static/images/users/wingify-200x100.png	RM
x-unsupported/website/static/images/users/wire-200x100.png	RM
x-unsupported/website/static/images/users/yarn-200x100.png	RM
x-unsupported/website/static/images/users/yelp-200x100.png	RM
x-unsupported/website/static/images/users/zeit-200x100.png	RM
x-unsupported/website/static/images/users/zipch-200x100.png	RM
x-unsupported/website/static/install-service-worker.js	RM
x-unsupported/website/static/landing.js	RM
x-unsupported/website/static/manifest.json	RM
x-unsupported/website/static/overrides.css	RM
x-unsupported/website/static/prettier-centered-logo-static.svg	RM
x-unsupported/website/static/prettier.png	RM
x-unsupported/website/static/separate-css/playground.css	RM
x-unsupported/website/static/service-worker.js	RM
x-unsupported/website/static/worker.js	RM
x-unsupported/website/versioned_docs/version-stable/api.md	RM
x-unsupported/website/versioned_docs/version-stable/browser.md	RM
x-unsupported/website/versioned_docs/version-stable/cli.md	RM
x-unsupported/website/versioned_docs/version-stable/comparison.md	RM
x-unsupported/website/versioned_docs/version-stable/configuration.md	RM
x-unsupported/website/versioned_docs/version-stable/editors.md	RM
x-unsupported/website/versioned_docs/version-stable/for-enterprise.md	RM
x-unsupported/website/versioned_docs/version-stable/ignore.md	RM
x-unsupported/website/versioned_docs/version-stable/index.md	RM
x-unsupported/website/versioned_docs/version-stable/install.md	RM
x-unsupported/website/versioned_docs/version-stable/integrating-with-linters.md	RM
x-unsupported/website/versioned_docs/version-stable/option-philosophy.md	RM
x-unsupported/website/versioned_docs/version-stable/options.md	RM
x-unsupported/website/versioned_docs/version-stable/plugins.md	RM
x-unsupported/website/versioned_docs/version-stable/precommit.md	RM
x-unsupported/website/versioned_docs/version-stable/rationale.md	RM
x-unsupported/website/versioned_docs/version-stable/related-projects.md	RM
x-unsupported/website/versioned_docs/version-stable/technical-details.md	RM
x-unsupported/website/versioned_docs/version-stable/vim.md	RM
x-unsupported/website/versioned_docs/version-stable/watching-files.md	RM
x-unsupported/website/versioned_docs/version-stable/webstorm.md	RM
x-unsupported/website/versioned_docs/version-stable/why-prettier.md	RM
x-unsupported/website/versioned_sidebars/version-stable-sidebars.json	RM
x-unsupported/website/versions.json	RM
x-unsupported/website/webpack.config.js	RM
x-unsupported/website/yarn.lock	RM
yarn.lock	UE